<?xml version="1.0" encoding="UTF-8" standalone="yes"?>
<addon id="plugin.audio.thisiscriminal" name="Criminal Podcast" version="1.1.0" provider-name="Leo Edwards">
  <requires>
    <import addon="xbmc.python" version="2.1.0"/>
    <import addon="script.module.xbmcswift2" version="2.4.0"/>
    <import addon="script.module.beautifulsoup4" version="4.3.1"/>
    <import addon="script.module.requests" version="1.1.0"/>
    <import addon="script.module.routing" version="0.2.0"/>
  </requires>
  <extension point="xbmc.python.pluginsource" library="addon.py">
#	<checksum>https://leopheard.000webhostapp.com/Zips/addon.xml.md5</checksum>
#	<datadir zip="true">https://leopheard.000webhostapp.com/Zips/plugin.audio.thisiscriminal/plugin.audio.thisiscriminal.zip</datadir>
    <provides>audio</provides>
  </extension>
  <extension point="xbmc.addon.metadata">
    <platform>all</platform>
    <language></language>
    <summary lang="en">Criminal podcast from NPR (WUNC) and Radiotopia / PRX</summary>
    <description lang="en">Criminal is a podcast about crime. Not so much the "if it bleeds, it leads," kind of crime. Something a little more complex. Stories of people who've done wrong, been wronged, and/or gotten caught somewhere in the middle. We're a proud member of Radiotopia, from PRX, a curated network of extraordinary, story-driven shows. Learn more at radiotopia.fm<br>
www.thisiscriminal.com
</description>
    <license>The MIT License (MIT)</license>
    <forum>https://forum.kodi.tv/showthread.php?tid=344790</forum>
    <email>leopheard@gmail.com</email>
    <source>https://github.com/leopheard/thisiscriminal</source>
    <website>http://www.thisiscriminal.com</website>
    <audio_guide></audio_guide>
        	<assets>
			<icon>icon.png</icon>
			<fanart>fanart.jpg</fanart>
			<screenshot>resources/media/Criminal_SocialShare_2.png</screenshot>
			<screenshot>resources/media/Criminal_SocialShare_3.png</screenshot>
			<screenshot>resources/media/Radiotopia-logo.png</screenshot>
		</assets>
  </extension>
</addon>
