<?xml version="1.0" encoding="UTF-8" standalone="yes"?>
<addon id="plugin.audio.thisiscriminal" name="Criminal Podcast" version="1.0.1" provider-name="Leo Edwards">
  <requires>
    <import addon="xbmc.python" version="2.1.0"/>
    <import addon="script.module.xbmcswift2" version="2.4.0"/>
    <import addon="script.module.beautifulsoup4" version="4.3.1"/>
    <import addon="script.module.requests" version="1.1.0"/>
  </requires>
  <extension point="xbmc.python.pluginsource" library="addon.py">
    <provides>audio</provides>
  </extension>
  <extension point="xbmc.addon.metadata">
    <platform>all</platform>
    <language></language>
    <summary lang="en">Criminal podcast from WUNC / NPR
    </summary>
    <description lang="en">Stories of people who’ve done wrong, been wronged, or gotten caught somewhere in the middle.
    </description>
    <license>The MIT License (MIT)</license>
    <forum>http://forum.xbmc.org/showthread - link here</forum>
    <email>leopheard@gmail.com</email>
    <source>https://github.com/leopheard/plugin.audio.thisiscriminal.git</source>
    <website></website>
    <audio_guide></audio_guide>
        	<assets>
			<icon>icon.png</icon>
			<fanart>fanart.jpg</fanart>
			<screenshot>resources/media/icon.png</screenshot>
			<screenshot>resources/media/icon.png</screenshot>
			<screenshot>resources/media/icon.png</screenshot>
		</assets>
  </extension>
</addon>
